 Jerry Woods,05-27-87
Patton Perez  ,02-10-96
Andy Palmer,  01-23-82
Danny Burger,  12-07-78   
Wes Bryant,08-05-77
Dusty Johns,02-17-77   
Lee Trevor,08-21-92
Sergio Rose,04-21-87
   Justin Garcia,08-14-94
Randy Fowler  ,04-11-84
Tom Casey,  10-03-91
James Thomas,12-22-79
Jack Nickels,02-24-86
Joey Watson,06-11-94
Mark Leech,08-30-84
Russ Homey,11-17-96
Alex Rahm,04-08-77
Jordan Speed,12-27-91
Jason Duffy,08-28-90
Liam Horse,10-02-84
Kevin Kissme,09-02-86
Bryan Harmony,01-16-89
Matsu Hidey,10-25-94
Booth Koepka,04-03-86
Phil Mickey,03-19-93
Chaz Hoffman,07-29-81
Matty Kuch,01-21-81
Brendan Stool,01-05-85
Kyle Stands,09-17-87
Ashton Hadwin,08-10-95
